{"cameraMode":{"drawMode":0,"name":"Shaded","section":"Shading Mode"},"sceneLighting":false,"audioPlay":false,"sceneViewState":{"showFog":true,"showMaterialUpdate":false,"showSkybox":false,"showFlares":true,"showImageEffects":true,"showParticleSystems":true},"in2DMode":false,"pivot":{"x":590.1683349609375,"y":26.905590057373048,"z":724.3837890625},"rotation":{"x":0.40735164284706118,"y":0.45144009590148928,"z":-0.2433488667011261,"w":0.7556840777397156},"size":2169.698486328125,"orthographic":true}