{"cameraMode":{"drawMode":0,"name":"Shaded","section":"Shading Mode"},"sceneLighting":false,"audioPlay":false,"sceneViewState":{"showFog":true,"showMaterialUpdate":false,"showSkybox":false,"showFlares":true,"showImageEffects":true,"showParticleSystems":true},"in2DMode":false,"pivot":{"x":464.21142578125,"y":-1244.0042724609375,"z":726.5326538085938},"rotation":{"x":-0.568452000617981,"y":0.09499010443687439,"z":-0.06629524379968643,"w":-0.8145255446434021},"size":1944.0982666015625,"orthographic":false}