{"cameraMode":{"drawMode":0,"name":"Shaded","section":"Shading Mode"},"sceneLighting":false,"audioPlay":false,"sceneViewState":{"showFog":true,"showMaterialUpdate":false,"showSkybox":false,"showFlares":true,"showImageEffects":true,"showParticleSystems":true},"in2DMode":false,"pivot":{"x":616.980224609375,"y":-21.441631317138673,"z":50.39370346069336},"rotation":{"x":-0.07368996739387512,"y":0.915262758731842,"z":-0.3442035913467407,"w":-0.19594094157218934},"size":325.1529846191406,"orthographic":false}