{"cameraMode":{"drawMode":0,"name":"Shaded","section":"Shading Mode"},"sceneLighting":false,"audioPlay":false,"sceneViewState":{"showFog":true,"showMaterialUpdate":false,"showSkybox":false,"showFlares":true,"showImageEffects":true,"showParticleSystems":true},"in2DMode":false,"pivot":{"x":0.8621127605438232,"y":0.6115707159042358,"z":1.5531198978424073},"rotation":{"x":0.473452627658844,"y":-0.0063480595126748089,"z":0.003404428018257022,"w":0.8808135986328125},"size":0.4442986249923706,"orthographic":false}