{"cameraMode":{"drawMode":0,"name":"Shaded","section":"Shading Mode"},"sceneLighting":true,"audioPlay":false,"sceneViewState":{"showFog":true,"showMaterialUpdate":false,"showSkybox":true,"showFlares":true,"showImageEffects":true,"showParticleSystems":true},"in2DMode":false,"pivot":{"x":56.842437744140628,"y":-56.502628326416019,"z":-195.7459716796875},"rotation":{"x":0.4665718674659729,"y":0.016127517446875573,"z":-0.007563451305031776,"w":0.884480357170105},"size":597.2303466796875,"orthographic":true}