{"cameraMode":{"drawMode":0,"name":"Shaded","section":"Shading Mode"},"sceneLighting":false,"audioPlay":false,"sceneViewState":{"showFog":true,"showMaterialUpdate":false,"showSkybox":false,"showFlares":true,"showImageEffects":true,"showParticleSystems":true},"in2DMode":false,"pivot":{"x":590.1683349609375,"y":26.905590057373048,"z":724.3837890625},"rotation":{"x":0.17762836813926698,"y":0.19922979176044465,"z":-0.036743924021720889,"w":0.9630264639854431},"size":1501.15771484375,"orthographic":true}