{"cameraMode":{"drawMode":0,"name":"Shaded","section":"Shading Mode"},"sceneLighting":false,"audioPlay":false,"sceneViewState":{"showFog":true,"showMaterialUpdate":false,"showSkybox":false,"showFlares":true,"showImageEffects":true,"showParticleSystems":true},"in2DMode":false,"pivot":{"x":-345.51580810546877,"y":25.469091415405275,"z":-213.105224609375},"rotation":{"x":0.22703668475151063,"y":-0.5073201656341553,"z":0.1405562162399292,"w":0.8193672895431519},"size":643.2322998046875,"orthographic":true}